{
  "lambda": 0.6,
  "matrix": [
    [
      0.9999998211860657,
      0.8244481682777405,
      -0.07423146814107895,
      0.9264388680458069
    ],
    [
      0.8244481682777405,
      1.0000001192092896,
      -0.11306149512529373,
      0.5897356271743774
    ],
    [
      -0.07423146814107895,
      -0.11306149512529373,
      1.0000004768371582,
      0.00021972134709358215
    ],
    [
      0.9264388680458069,
      0.5897356271743774,
      0.00021972134709358215,
      0.9999998211860657
    ]
  ],
  "n_terms": 30,
  "omega": 0.5,
  "shape": [
    4,
    4
  ],
  "top_k_documents": 10
}