{
  "K": 4,
  "N": 12,
  "V": 24,
  "add_word": {
    "boost_to_quantile": 0.9,
    "topic_id": 1,
    "topic_info_topic1": {
      "Freq": [
        2.727221375205868,
        0.00258384799520966,
        0.00258384799520966,
        0.00258384799520966,
        2.72823691039153,
        0.00258384799520966,
        0.00258384799520966,
        2.7379947892202643,
        0.00258384799520966,
        0.00258384799520966,
        2.742176737289721,
        0.00258384799520966,
        0.00258384799520966,
        0.00258384799520966,
        2.6958978035981467,
        2.7712259042545333,
        0.00258384799520966,
        0.00258384799520966,
        0.00258384799520966,
        0.00258384799520966,
        0.00258384799520966,
        0.00258384799520966,
        2.753321064121369,
        0.00258384799520966
      ],
      "Term": [
        "bark",
        "car",
        "cat",
        "deep",
        "dog",
        "engine",
        "fin",
        "fish",
        "highway",
        "kitten",
        "leash",
        "litter",
        "nap",
        "ocean",
        "park",
        "puppy",
        "purr",
        "road",
        "scratch",
        "swim",
        "tank",
        "tire",
        "walk",
        "wheel"
      ],
      "Total": [
        2.735478615453222,
        2.999794036726241,
        2.740595507403123,
        2.885412005458712,
        2.736494150638884,
        3.025266987893027,
        3.118471354387771,
        5.777981712617554,
        3.0004519477094225,
        2.859379249370102,
        2.750433977537075,
        2.833213588400866,
        2.764475319442981,
        2.899990427195703,
        2.7041550438455006,
        2.7794831445018873,
        2.8781806625044943,
        2.911974399608758,
        2.7264347209860578,
        2.904607209201368,
        3.145144264478063,
        3.0056181709579124,
        2.7615783043687228,
        3.0553851993125516
      ],
      "loglift": [
        1.3187,
        -5.7353,
        -5.6449,
        -5.6964,
        1.3187,
        -5.7437,
        -5.7741,
        0.5749,
        -5.7355,
        -5.6873,
        1.3187,
        -5.6781,
        -5.6536,
        -5.7014,
        1.3187,
        1.3188,
        -5.6939,
        -5.7056,
        -5.6397,
        -5.703,
        -5.7826,
        -5.7372,
        1.3188,
        -5.7536
      ],
      "logprob": [
        -1.9516,
        -8.9134,
        -8.9134,
        -8.9134,
        -1.9513,
        -8.9134,
        -8.9134,
        -1.9477,
        -8.9134,
        -8.9134,
        -1.9462,
        -8.9134,
        -8.9134,
        -8.9134,
        -1.9632,
        -1.9356,
        -8.9134,
        -8.9134,
        -8.9134,
        -8.9134,
        -8.9134,
        -8.9134,
        -1.9421,
        -8.9134
      ]
    },
    "word": "fish"
  },
  "exclude_document": {
    "doc0_topic_row_after": [
      0.0,
      0.11111111111111112,
      0.11111111111111112,
      0.7777777777777777
    ],
    "doc_id": 0,
    "topic_freq_after": [
      20.833333333333336,
      23.981481481481477,
      25.64814814814815,
      29.537037037037035
    ],
    "topic_id": 1
  },
  "fixture_seed": 0,
  "remove_word": {
    "topic_id": 1,
    "topic_info_topic1": {
      "Freq": [
        3.811976413993947,
        0.0036115761282273103,
        0.0036115761282273103,
        0.0036115761282273103,
        0.0,
        0.0036115761282273103,
        0.0036115761282273103,
        0.0036115761282273103,
        0.0036115761282273103,
        0.0036115761282273103,
        3.832880286354542,
        0.0036115761282273103,
        0.0036115761282273103,
        0.0036115761282273103,
        3.7681938603456686,
        3.8734837886308013,
        0.0036115761282273103,
        0.0036115761282273103,
        0.0036115761282273103,
        0.0036115761282273103,
        0.0036115761282273103,
        0.0036115761282273103,
        3.8484572803669455,
        0.0036115761282273103
      ],
      "Term": [
        "bark",
        "car",
        "cat",
        "deep",
        "dog",
        "engine",
        "fin",
        "fish",
        "highway",
        "kitten",
        "leash",
        "litter",
        "nap",
        "ocean",
        "park",
        "puppy",
        "purr",
        "road",
        "scratch",
        "swim",
        "tank",
        "tire",
        "walk",
        "wheel"
      ],
      "Total": [
        3.820233654241301,
        3.0008217648592588,
        2.7416232355361405,
        2.88643973359173,
        0.008257240247353895,
        3.026294716026045,
        3.119499082520789,
        3.0435984995255168,
        3.0014796758424405,
        2.8604069775031196,
        3.841137526601896,
        2.8342413165338836,
        2.7655030475759985,
        2.901018155328721,
        3.7764511005930226,
        3.8817410288781553,
        2.879208390637512,
        2.913002127741776,
        2.7274624491190753,
        2.905634937334386,
        3.146171992611081,
        3.0066458990909304,
        3.8567145206142994,
        3.0564129274455696
      ],
      "loglift": [
        1.3196,
        -5.4007,
        -5.3104,
        -5.3619,
        -Infinity,
        -5.4092,
        -5.4395,
        -5.4149,
        -5.401,
        -5.3528,
        1.3196,
        -5.3436,
        -5.3191,
        -5.3669,
        1.3196,
        1.3196,
        -5.3594,
        -5.371,
        -5.3052,
        -5.3685,
        -5.448,
        -5.4027,
        1.3196,
        -5.4191
      ],
      "logprob": [
        -1.6168,
        -8.5785,
        -8.5785,
        -8.5785,
        -Infinity,
        -8.5785,
        -8.5785,
        -8.5785,
        -8.5785,
        -8.5785,
        -1.6113,
        -8.5785,
        -8.5785,
        -8.5785,
        -1.6283,
        -1.6008,
        -8.5785,
        -8.5785,
        -8.5785,
        -8.5785,
        -8.5785,
        -8.5785,
        -1.6072,
        -8.5785
      ]
    },
    "word": "dog"
  },
  "vocab": [
    "dog",
    "puppy",
    "leash",
    "bark",
    "park",
    "walk",
    "cat",
    "kitten",
    "purr",
    "scratch",
    "litter",
    "nap",
    "fish",
    "tank",
    "ocean",
    "swim",
    "deep",
    "fin",
    "car",
    "engine",
    "wheel",
    "tire",
    "road",
    "highway"
  ]
}
